number,value,datetime_start,datetime_complete,duration,params_bagging_fraction,params_feature_fraction,params_learning_rate,params_min_child_samples,params_n_estimators,params_num_leaves,params_reg_alpha,params_reg_lambda,state
0,0.9045498449007963,2026-06-11 17:09:45.124133,2026-06-11 17:10:44.368455,0 days 00:00:59.244322,0.9330880728874675,0.5290418060840998,0.044803926826840625,319,250,48,0.004207988669606638,0.2051110418843398,COMPLETE
1,0.89129028425542,2026-06-11 17:10:44.370502,2026-06-11 17:11:44.906149,0 days 00:01:00.535647,0.5917022549267169,0.5909124836035503,0.005318033256270142,487,341,39,2.1368329072358767,0.26587543983272705,COMPLETE
2,0.8989619370479146,2026-06-11 17:11:44.908024,2026-06-11 17:12:25.437814,0 days 00:00:40.529790,0.6831809216468459,0.6460723242676091,0.018236581424556052,181,222,31,0.2801635158716261,0.19010245319870356,COMPLETE
3,0.8941438517048478,2026-06-11 17:12:25.439602,2026-06-11 17:13:20.256755,0 days 00:00:54.817153,0.5852620618436457,0.8037724259507192,0.009093929525644107,281,282,42,0.23423849847112907,0.1238513729886093,COMPLETE
4,0.8978830007920946,2026-06-11 17:13:20.258239,2026-06-11 17:13:50.089207,0 days 00:00:29.830968,0.7200762468698007,0.8421165132560784,0.09021655603568132,414,126,48,0.01653693718282442,0.1567993391672301,COMPLETE
5,0.8849868490222668,2026-06-11 17:13:50.091093,2026-06-11 17:14:43.706136,0 days 00:00:53.615043,0.7600340105889054,0.6558555380447055,0.005542561258655853,460,148,30,0.010842262717330166,2.113705944064573,COMPLETE
6,0.9022407275205963,2026-06-11 17:14:43.707864,2026-06-11 17:15:57.141096,0 days 00:01:13.433232,0.9609371175115584,0.7989499894055425,0.09129115219600122,399,319,17,5.727904470799623,6.161049539380966,COMPLETE
7,0.8620367076349452,2026-06-11 17:15:57.142645,2026-06-11 17:16:37.578490,0 days 00:00:40.435845,0.6783766633467947,0.9143687545759647,0.005725482134163321,196,135,18,0.03586816498627549,0.34889766548903667,COMPLETE
8,0.8819001106060422,2026-06-11 17:16:37.580953,2026-06-11 17:17:39.397721,0 days 00:01:01.816768,0.5993578407670862,0.8861223846483287,0.007626348515257587,411,212,32,0.0019870215385428634,9.413993046829944,COMPLETE
9,0.8979276420776648,2026-06-11 17:17:39.399980,2026-06-11 17:18:11.785983,0 days 00:00:32.386003,0.5579345297625649,0.6792328642721364,0.04155397855708038,378,102,43,1.2164139351417065,0.14063366777718173,COMPLETE
10,0.8955869784191993,2026-06-11 17:18:11.787557,2026-06-11 17:19:22.472688,0 days 00:01:10.685131,0.9828764294174368,0.5077973998292282,0.0236021678298673,58,478,10,0.0012206764964658027,0.8152405534115823,COMPLETE
11,0.9003402296237475,2026-06-11 17:19:22.474585,2026-06-11 17:20:16.323008,0 days 00:00:53.848423,0.9677809380407124,0.985096300222458,0.09869041677272997,316,359,20,5.513963780896547,9.055075246853097,COMPLETE
12,0.8973919134743199,2026-06-11 17:20:16.325715,2026-06-11 17:21:33.239672,0 days 00:01:16.913957,0.8947385331597324,0.7406689444171943,0.056353188750777716,298,376,50,0.11959772737838162,2.3937191942813767,COMPLETE
13,0.9029362898487477,2026-06-11 17:21:33.241367,2026-06-11 17:22:25.601864,0 days 00:00:52.360497,0.8639981340235008,0.5045464612373045,0.050497926670844476,353,287,23,8.061955195855864,0.7483180024378255,COMPLETE
14,0.9015649838807186,2026-06-11 17:22:25.621569,2026-06-11 17:23:07.510105,0 days 00:00:41.888536,0.8408415413612531,0.5069606791331285,0.0363776186060587,237,240,24,0.004266587910190727,0.7383581117664725,COMPLETE
15,0.8996820722155344,2026-06-11 17:23:07.514806,2026-06-11 17:24:54.165979,0 days 00:01:46.651173,0.8470269269574726,0.5903431539754281,0.05500573727322588,348,428,36,0.7875010548546677,0.588705649689642,COMPLETE
16,0.8907839893563446,2026-06-11 17:24:54.169364,2026-06-11 17:25:49.556447,0 days 00:00:55.387083,0.9005742514980345,0.5647365303809557,0.02399647502977457,259,278,11,0.060143643001935906,1.4622504526962925,COMPLETE
17,0.904734004940476,2026-06-11 17:25:49.565316,2026-06-11 17:26:40.978970,0 days 00:00:51.413654,0.799820422209812,0.54717917317945,0.05598120886980684,128,191,25,0.006101129837407738,0.3654504652863497,COMPLETE
18,0.9002485317710731,2026-06-11 17:26:40.980605,2026-06-11 17:27:34.920702,0 days 00:00:53.940097,0.7932091548987112,0.5604836855183392,0.03276663254535151,86,189,27,0.004815210595826969,0.3804345187459687,COMPLETE
19,0.8946488911847408,2026-06-11 17:27:34.934507,2026-06-11 17:28:33.389703,0 days 00:00:58.455196,0.792172297403517,0.7231631167006016,0.013614521117811326,124,182,35,0.01028887018648907,0.2696409114453022,COMPLETE
20,0.8988053960944866,2026-06-11 17:28:33.391644,2026-06-11 17:29:36.750410,0 days 00:01:03.358766,0.9320417579834696,0.6156257016996566,0.07164981640321183,142,254,47,0.0037057775364163553,0.45096739339315284,COMPLETE
21,0.9031479360391182,2026-06-11 17:29:36.756647,2026-06-11 17:35:27.343754,0 days 00:05:50.587107,0.8609555272514225,0.5333531789227708,0.05042198391242336,348,281,23,0.032788612024095075,0.9531889370081259,COMPLETE
22,0.9011801783126491,2026-06-11 17:35:27.348149,2026-06-11 17:36:07.566923,0 days 00:00:40.218774,0.8128473178137676,0.545603814630731,0.0670925595154012,220,174,15,0.02698436576296099,1.243148883848997,COMPLETE
23,0.9034491447720142,2026-06-11 17:36:07.568679,2026-06-11 17:37:31.473364,0 days 00:01:23.904685,0.9185143961644714,0.5439819420478211,0.030450035247346904,327,313,26,0.006509655234754698,0.24296828906218398,COMPLETE
24,0.9057683411171066,2026-06-11 17:37:31.484690,2026-06-11 17:39:10.711615,0 days 00:01:39.226925,0.9237790302359707,0.6152014210343126,0.03020370974084241,150,410,26,0.007303359980120154,0.21119970667228663,COMPLETE
25,0.9047276361679815,2026-06-11 17:39:10.713179,2026-06-11 17:40:41.645516,0 days 00:01:30.932337,0.9997067470438427,0.6211260858961597,0.02624053199100667,130,500,43,0.00203452022472562,0.20334261057750247,COMPLETE
26,0.9043118529414748,2026-06-11 17:40:41.647481,2026-06-11 17:42:35.037830,0 days 00:01:53.390349,0.9984684347573709,0.7026987220013117,0.015668928046763324,137,488,38,0.0011341440481397248,0.11170698436836211,COMPLETE
27,0.9054386914685189,2026-06-11 17:42:35.039355,2026-06-11 17:44:30.626289,0 days 00:01:55.586934,0.7418727061431843,0.6147879676614982,0.023890710994530336,101,448,29,0.0022829761349096814,0.509356111070073,COMPLETE
28,0.904920783273661,2026-06-11 17:44:30.629539,2026-06-11 17:45:43.766517,0 days 00:01:13.136978,0.7477792054617652,0.5952648003522495,0.020281922312551905,90,413,28,0.013665044608357534,0.5039902878570244,COMPLETE
29,0.9000627541467928,2026-06-11 17:45:43.768192,2026-06-11 17:46:54.088545,0 days 00:01:10.320353,0.7400145749977995,0.751068440049111,0.011960967194639684,52,419,28,0.01594682668170601,0.5550225253549276,COMPLETE
30,0.905309038507067,2026-06-11 17:46:54.089996,2026-06-11 17:48:08.965908,0 days 00:01:14.875912,0.6585819724491964,0.6606645548701517,0.018397636057222996,89,434,33,0.002862422243984952,0.4962082507542465,COMPLETE
31,0.9065357098257754,2026-06-11 17:48:08.967624,2026-06-11 17:49:28.820531,0 days 00:01:19.852907,0.6487150888524206,0.6567647973547637,0.020041993721251875,81,441,33,0.002580630239252049,0.49819799695481526,COMPLETE
32,0.9056771042848095,2026-06-11 17:49:28.823666,2026-06-11 17:50:46.033732,0 days 00:01:17.210066,0.6348214258474993,0.6724072904498066,0.01874888083370782,89,442,34,0.002240938779582576,0.2874704519249371,COMPLETE
33,0.9027184991402923,2026-06-11 17:50:46.035349,2026-06-11 17:51:42.602236,0 days 00:00:56.566887,0.5126782992197134,0.6965244565693967,0.029135098204562625,168,465,34,0.001964310790012023,0.2911137091854788,COMPLETE
34,0.898884488493048,2026-06-11 17:51:42.603916,2026-06-11 17:52:31.456542,0 days 00:00:48.852626,0.6344842154222544,0.6285592818239766,0.010945824140345835,101,391,30,0.001003088499149774,0.16279686111513147,COMPLETE
35,0.9034129047441685,2026-06-11 17:52:31.458022,2026-06-11 17:53:33.269050,0 days 00:01:01.811028,0.6426279756911168,0.7672156394123224,0.015722913662852,163,452,39,0.00781569413531705,0.21868920911355752,COMPLETE
36,0.9058865267745622,2026-06-11 17:53:33.270652,2026-06-11 17:54:27.556180,0 days 00:00:54.285528,0.720228298336831,0.6703211126792772,0.02036816791179266,68,402,38,0.0024648064041358614,0.35712913793598294,COMPLETE
37,0.905639640212131,2026-06-11 17:54:27.557725,2026-06-11 17:55:19.563939,0 days 00:00:52.006214,0.7048880420209156,0.6714448063427955,0.020393107202761513,68,395,38,0.0030837068456787027,0.17887883087835352,COMPLETE
38,0.9020019687959762,2026-06-11 17:55:19.565360,2026-06-11 17:56:07.275815,0 days 00:00:47.710455,0.6063759073421919,0.6470437898988607,0.015553689530332052,196,347,41,0.021850832448460568,0.10123622038071486,COMPLETE
39,0.9007924507462216,2026-06-11 17:56:07.277382,2026-06-11 17:56:55.757619,0 days 00:00:48.480237,0.5660941887372541,0.7133456145286303,0.037554950771132085,160,400,36,0.055318342469879246,0.29756818445223393,COMPLETE
40,0.8985864963474035,2026-06-11 17:56:55.759237,2026-06-11 17:57:39.534223,0 days 00:00:43.774986,0.5001120661936821,0.781539875207443,0.009816695808214253,109,363,32,0.008937435477028072,0.132283873103417,COMPLETE
41,0.9057020688208566,2026-06-11 17:57:39.535571,2026-06-11 17:58:31.237085,0 days 00:00:51.701514,0.6902933251857398,0.6696022145116244,0.021007377105210296,68,388,38,0.0028446515261564436,0.16985594301500545,COMPLETE
42,0.9057035799502884,2026-06-11 17:58:31.238623,2026-06-11 17:59:35.498670,0 days 00:01:04.260047,0.6976480399218139,0.6890191895505978,0.019328327287432338,72,442,45,0.00158848904479405,0.33691754072069036,COMPLETE
43,0.9053467140379056,2026-06-11 17:59:35.500165,2026-06-11 18:00:30.329828,0 days 00:00:54.829663,0.7045766638662815,0.6926668082511759,0.02146908302476129,71,380,45,0.001683603222485558,0.38178927285512615,COMPLETE
44,0.9035585634394001,2026-06-11 18:00:30.331370,2026-06-11 18:01:33.065307,0 days 00:01:02.733937,0.6730838893772693,0.6434915590412307,0.013201995922909486,54,466,40,0.0049061900276218436,0.20061901937014223,COMPLETE
45,0.9044377602884119,2026-06-11 18:01:33.066873,2026-06-11 18:02:32.010928,0 days 00:00:58.944055,0.6958179199353702,0.597188621184255,0.028686959854306974,77,409,45,0.0014249470355987125,0.1530835826411308,COMPLETE
46,0.9039041503117015,2026-06-11 18:02:32.012341,2026-06-11 18:03:20.100370,0 days 00:00:48.088029,0.6112240114822065,0.7395906407564881,0.01685861980157007,115,326,45,0.0031699436450261425,0.639461628095302,COMPLETE
47,0.8967842686223568,2026-06-11 18:03:20.101744,2026-06-11 18:04:10.398013,0 days 00:00:50.296269,0.7707835808868101,0.8210763991701321,0.007848407849107121,152,376,37,0.006341160118704087,0.4252430282933463,COMPLETE
48,0.9051253352806775,2026-06-11 18:04:10.399406,2026-06-11 18:05:14.643187,0 days 00:01:04.243781,0.667263553659479,0.5787441949030521,0.02585618286963241,192,428,42,0.0039102746704469645,3.4091165938452206,COMPLETE
49,0.8971020608830867,2026-06-11 18:05:14.644804,2026-06-11 18:06:22.652496,0 days 00:01:08.007692,0.7127993731983353,0.634278196113408,0.034776280337034025,478,464,47,0.01307906949155166,0.3441583572616611,COMPLETE
50,0.9025022458032151,2026-06-11 18:06:22.654076,2026-06-11 18:07:12.332682,0 days 00:00:49.678606,0.7260752775880847,0.6830719713774718,0.04100363474589331,52,347,50,0.0014297661000867623,0.2358215118160857,COMPLETE
51,0.9057253864838517,2026-06-11 18:07:12.334256,2026-06-11 18:08:07.404236,0 days 00:00:55.069980,0.6266424381435771,0.6685043484396993,0.018033868394119405,74,450,31,0.0025251061338747703,0.3135424254259953,COMPLETE
52,0.9057885471287186,2026-06-11 18:08:07.405582,2026-06-11 18:08:59.779687,0 days 00:00:52.374105,0.5745292639471211,0.720910095528509,0.02162155733802969,110,426,31,0.002664831592205245,0.31352890379176673,COMPLETE
53,0.9056704191670127,2026-06-11 18:08:59.781153,2026-06-11 18:09:57.008235,0 days 00:00:57.227082,0.5502453837318337,0.7180804587756097,0.017504229510580005,113,485,30,0.0016792230876572394,0.34042718296993935,COMPLETE
54,0.901048013192319,2026-06-11 18:09:57.009648,2026-06-11 18:10:49.266911,0 days 00:00:52.257263,0.5869492271972977,0.7361722474326586,0.014043418579997928,146,419,31,0.004745653005986812,0.9469247306534793,COMPLETE
55,0.904717164898576,2026-06-11 18:10:49.268674,2026-06-11 18:11:35.307880,0 days 00:00:46.039206,0.5393242048098936,0.65344236862989,0.026218660958553422,176,452,22,0.00870023837874952,0.6237746134009797,COMPLETE
56,0.9050872776452683,2026-06-11 18:11:35.309317,2026-06-11 18:12:21.023080,0 days 00:00:45.713763,0.5728950699921006,0.7584097369587136,0.022269603664485375,99,408,26,0.0025934008577091438,0.42336591525012757,COMPLETE
57,0.9041973224835285,2026-06-11 18:12:21.024622,2026-06-11 18:13:16.964901,0 days 00:00:55.940279,0.6227009379968321,0.9940568042495767,0.018985219245130722,120,434,32,0.005603003789594848,0.31932399137246203,COMPLETE
58,0.9053243676276505,2026-06-11 18:13:16.966475,2026-06-11 18:14:15.701741,0 days 00:00:58.735266,0.6512707538330519,0.7028040279685172,0.02358405559561048,79,474,35,0.0038045560331839783,0.24984046558236409,COMPLETE
59,0.9032128327596819,2026-06-11 18:14:15.703255,2026-06-11 18:15:10.319772,0 days 00:00:54.616517,0.5925324414456158,0.9418513507125934,0.03192150702147914,138,497,28,0.0010138014765434225,0.7199707567929962,COMPLETE
60,0.8988045113046194,2026-06-11 18:15:10.321213,2026-06-11 18:16:02.151570,0 days 00:00:51.830357,0.5265551577335558,0.6111241866611742,0.012276152378009083,214,443,24,0.0014130101959492457,0.43112028258267726,COMPLETE
61,0.906053072821262,2026-06-11 18:16:02.153095,2026-06-11 18:16:52.077309,0 days 00:00:49.924214,0.6859939216873675,0.6717119903060462,0.02101812808107562,67,385,33,0.0026036283117851283,0.2564051717097288,COMPLETE
62,0.9059764724857369,2026-06-11 18:16:52.078771,2026-06-11 18:17:38.484121,0 days 00:00:46.405350,0.6814363378984246,0.6884680782075404,0.026941380671906386,65,362,33,0.4565540644119948,0.2723209977624992,COMPLETE
63,0.9046294764492029,2026-06-11 18:17:38.485607,2026-06-11 18:18:24.724937,0 days 00:00:46.239330,0.619919679548186,0.7241228607013853,0.028109188776188097,61,369,33,0.3205386907587182,0.21708608321041556,COMPLETE
64,0.90428405295005,2026-06-11 18:18:24.726497,2026-06-11 18:19:08.361913,0 days 00:00:43.635416,0.675935758321321,0.655919155982269,0.025382614922153032,97,354,31,2.7939476409609716,0.2506283157674995,COMPLETE
65,0.9044390358784458,2026-06-11 18:19:08.363308,2026-06-11 18:19:56.278889,0 days 00:00:47.915581,0.9598593467984249,0.6359997502543834,0.0220627676867153,81,335,36,0.5014218646405866,0.14200847607213837,COMPLETE
66,0.9014840743906956,2026-06-11 18:19:56.280446,2026-06-11 18:20:38.800189,0 days 00:00:42.519743,0.6562882732154114,0.5795069099117591,0.017154343077031627,119,310,29,0.1052993123427486,0.2884481140652166,COMPLETE
67,0.9024192217197342,2026-06-11 18:20:38.801589,2026-06-11 18:21:32.207513,0 days 00:00:53.405924,0.7674379879394521,0.7079056406616794,0.014733390269346048,52,402,34,5.033165621572211,0.19100294882079275,COMPLETE
68,0.9062099399956551,2026-06-11 18:21:32.209258,2026-06-11 18:22:18.611108,0 days 00:00:46.401850,0.8255981462380012,0.6800809422605396,0.03225413548047641,108,383,26,1.400916645971206,0.3740655303737095,COMPLETE
69,0.9047809788923369,2026-06-11 18:22:18.612540,2026-06-11 18:23:04.577563,0 days 00:00:45.965023,0.8829556103024768,0.7835149602393774,0.042296040546799495,131,390,26,1.0719614375735345,0.4823164799589154,COMPLETE
70,0.9047620948090229,2026-06-11 18:23:04.579102,2026-06-11 18:23:48.256759,0 days 00:00:43.677657,0.8236157715899634,0.6811193160307469,0.033557464104952785,105,420,19,2.916761371817769,0.5692272293610945,COMPLETE
71,0.9038969056857139,2026-06-11 18:23:48.258335,2026-06-11 18:24:35.988215,0 days 00:00:47.729880,0.7197442164543764,0.6635833826835661,0.030683119061499488,88,371,32,1.3694245697170073,0.3887457653953979,COMPLETE
72,0.9050128632441259,2026-06-11 18:24:35.989794,2026-06-11 18:25:20.184515,0 days 00:00:44.194721,0.6842252608648423,0.6071722435812236,0.03729179354658042,65,381,22,0.517488526969289,0.30672886876823674,COMPLETE
73,0.9065261577374529,2026-06-11 18:25:20.185957,2026-06-11 18:26:11.448622,0 days 00:00:51.262665,0.9196997022488839,0.6230952429286052,0.023517374377276294,84,402,27,0.13501715082472604,0.2624726569970171,COMPLETE
74,0.9049758848251918,2026-06-11 18:26:11.450059,2026-06-11 18:26:55.619412,0 days 00:00:44.169353,0.9385884662043373,0.6244706964527924,0.023933278481702253,97,401,27,1.6972275253642004,0.2596106944580941,COMPLETE
75,0.9054884525562226,2026-06-11 18:26:55.620894,2026-06-11 18:27:35.234062,0 days 00:00:39.613168,0.9053043968974243,0.7255722763389396,0.02660844797653272,152,357,29,0.19650531946107416,0.21977902778048006,COMPLETE
76,0.9040011867684743,2026-06-11 18:27:35.235535,2026-06-11 18:28:15.777420,0 days 00:00:40.541885,0.8718846387049649,0.647670982815387,0.04784888874978027,127,425,24,0.7702178238221543,0.3902489511093674,COMPLETE
77,0.9022795029052808,2026-06-11 18:28:15.778931,2026-06-11 18:28:50.868212,0 days 00:00:35.089281,0.9452712097373577,0.6894000980890969,0.0223200499196033,87,300,27,0.06460617583519733,0.18321447492347534,COMPLETE
78,0.9029845082804719,2026-06-11 18:28:50.869651,2026-06-11 18:29:30.567032,0 days 00:00:39.697381,0.9786200123990142,0.629429562125267,0.028061757403809038,434,335,25,0.23653221449661863,0.2649195411619554,COMPLETE
79,0.9033467547331671,2026-06-11 18:29:30.568526,2026-06-11 18:30:16.529899,0 days 00:00:45.961373,0.8454112735627067,0.5668765773436651,0.019886135058998597,111,412,21,0.368522862801937,0.5285952915211753,COMPLETE
80,0.9041501017846703,2026-06-11 18:30:16.531392,2026-06-11 18:31:04.763029,0 days 00:00:48.231637,0.9107148710914018,0.5969311867085286,0.030390422152811746,138,384,33,0.1830011948200617,0.45556549004123864,COMPLETE
81,0.904003907130565,2026-06-11 18:31:04.764546,2026-06-11 18:31:52.646346,0 days 00:00:47.881800,0.6373739018726292,0.6594594967684237,0.01702434960652259,78,434,31,0.0021484777783144517,0.32175543589324346,COMPLETE
82,0.9032880917518534,2026-06-11 18:31:52.647939,2026-06-11 18:32:41.875762,0 days 00:00:49.227823,0.9286290194922824,0.6797579248919142,0.023753108960391203,64,397,35,9.778845721044082,0.23112610913444998,COMPLETE
83,0.9026605495034006,2026-06-11 18:32:41.877307,2026-06-11 18:33:24.568714,0 days 00:00:42.691407,0.7804130091614288,0.6722420714580587,0.015706281723348915,95,369,29,0.003368119789559058,0.27610725593924496,COMPLETE
84,0.9059235238940402,2026-06-11 18:33:24.570366,2026-06-11 18:34:18.189934,0 days 00:00:53.619568,0.8898933435960148,0.6998929524354566,0.02072623553070393,73,461,30,0.7535211778550893,0.3720280015600434,COMPLETE
85,0.9056378379274193,2026-06-11 18:34:18.191417,2026-06-11 18:35:07.548315,0 days 00:00:49.356898,0.8308740285994692,0.6989655708442208,0.02083420498130433,61,456,25,0.8344386085615363,0.3694807170546421,COMPLETE
86,0.9048610375487177,2026-06-11 18:35:07.549796,2026-06-11 18:35:58.938388,0 days 00:00:51.388592,0.9511497154099032,0.7335733385318753,0.024559391391682835,108,428,30,0.5128933199274421,5.6981304630672724,COMPLETE
87,0.905051447452987,2026-06-11 18:35:58.939860,2026-06-11 18:36:45.869373,0 days 00:00:46.929513,0.8766236790594362,0.640626640157794,0.03524426074053324,81,411,28,2.239153102202835,0.2036922877651999,COMPLETE
88,0.904610108057863,2026-06-11 18:36:45.870897,2026-06-11 18:37:41.414700,0 days 00:00:55.543803,0.8557597892227,0.7090296628820905,0.027202650601586588,125,477,34,0.8762346764216257,0.12226368711901034,COMPLETE
89,0.9068875416521957,2026-06-11 18:37:41.416199,2026-06-11 18:38:32.278684,0 days 00:00:50.862485,0.9209180082425972,0.6186848032183987,0.02246346926415121,50,389,37,0.6840690716093832,0.1591208891472441,COMPLETE
90,0.8931011326849737,2026-06-11 18:38:32.280203,2026-06-11 18:39:24.228289,0 days 00:00:51.948086,0.8972065430181675,0.6928318768089321,0.005001099744496683,51,389,39,1.4431892556444261,0.6890193064746768,COMPLETE
91,0.9053267102632242,2026-06-11 18:39:24.229780,2026-06-11 18:40:11.658579,0 days 00:00:47.428799,0.9214110369220131,0.6183841796347943,0.022426082577546108,69,365,37,1.0778466637143405,0.1530728916830816,COMPLETE
92,0.90636764388491,2026-06-11 18:40:11.660158,2026-06-11 18:41:06.024962,0 days 00:00:54.364804,0.9177441575232749,0.6508332063712338,0.01994730849160004,92,437,37,0.10490128083727308,0.34979205980469474,COMPLETE
93,0.9053734361280298,2026-06-11 18:41:06.026528,2026-06-11 18:42:04.440406,0 days 00:00:58.413878,0.8864112157378139,0.6470213093898879,0.019465314179724347,88,461,40,0.650157696491353,0.41403544942074616,COMPLETE
94,0.9056099263264783,2026-06-11 18:42:04.441971,2026-06-11 18:43:00.787614,0 days 00:00:56.345643,0.8091231959972096,0.6815381291864939,0.020579862927651727,104,438,37,0.10487418628177773,0.8407116038447913,COMPLETE
95,0.9036941011420059,2026-06-11 18:43:00.789153,2026-06-11 18:43:45.086765,0 days 00:00:44.297612,0.9106974140336644,0.6634463082398931,0.018398531870837138,59,348,35,0.046892533034108855,0.45511462056263047,COMPLETE
96,0.9039638605267832,2026-06-11 18:43:45.088205,2026-06-11 18:44:39.798578,0 days 00:00:54.710373,0.9683413100026124,0.7451417696676977,0.01629112698069229,77,419,36,0.41419671520892587,0.3542316149788136,COMPLETE
97,0.903869857267213,2026-06-11 18:44:39.800088,2026-06-11 18:45:25.753921,0 days 00:00:45.953833,0.6629353654362456,0.8678432675661406,0.022102395012749725,94,379,32,0.6192702361412468,0.281469459316961,COMPLETE
98,0.9047636303259794,2026-06-11 18:45:25.755488,2026-06-11 18:46:14.766306,0 days 00:00:49.010818,0.7468137745460245,0.6042845010762011,0.02448653327668315,72,401,33,1.8216900992161031,0.34876117595970374,COMPLETE
99,0.8930146652226814,2026-06-11 18:46:14.767936,2026-06-11 18:46:30.658228,0 days 00:00:15.890292,0.7313646971109353,0.715339096347328,0.014734852261482405,50,111,30,0.07549309020890987,0.4865621301325005,COMPLETE
100,0.9049633565964423,2026-06-11 18:46:30.659530,2026-06-11 18:47:24.644020,0 days 00:00:53.984490,0.9367426248649988,0.5809580050383781,0.01815835183693892,117,393,38,0.14812567966439769,0.23894333015684938,COMPLETE
101,0.9035743720563268,2026-06-11 18:47:24.645388,2026-06-11 18:48:19.434544,0 days 00:00:54.789156,0.9238222286318662,0.6331150191558231,0.02975094725548562,63,443,40,0.031429519437812546,0.31144657175589885,COMPLETE
102,0.9060443884141203,2026-06-11 18:48:19.436040,2026-06-11 18:49:02.822572,0 days 00:00:43.386532,0.8948257438824867,0.6511309323067592,0.031781354572925,83,406,27,0.02011107163373148,0.1662386297141345,COMPLETE
103,0.9035455507236505,2026-06-11 18:49:02.824055,2026-06-11 18:49:38.905237,0 days 00:00:36.081182,0.8938239102346413,0.6524041861801007,0.03227802684249083,84,407,15,0.24883333314622513,0.16218687278163127,COMPLETE
104,0.9058130579927123,2026-06-11 18:49:38.906667,2026-06-11 18:50:27.004511,0 days 00:00:48.097844,0.9508452314819071,0.6741432149473128,0.02629747553532263,103,429,27,0.01126204685977277,0.12557721588461518,COMPLETE
105,0.904865639712353,2026-06-11 18:50:27.006080,2026-06-11 18:51:11.336173,0 days 00:00:44.330093,0.9478866947682741,0.6729144469780612,0.03903721993193916,74,416,28,0.017381470239046945,0.10538323784968383,COMPLETE
106,0.9048953445898759,2026-06-11 18:51:11.337787,2026-06-11 18:51:55.998667,0 days 00:00:44.660880,0.8639908425594323,0.6377906397691221,0.026138417498249713,102,375,27,0.4136095249236552,0.12799842244621093,COMPLETE
107,0.9044744938634864,2026-06-11 18:51:56.000276,2026-06-11 18:52:36.339233,0 days 00:00:40.338957,0.9852364446017645,0.6582207674035225,0.02319615504757984,91,356,26,0.012019301441492394,0.11479225871518478,COMPLETE
108,0.9058837686205717,2026-06-11 18:52:36.340742,2026-06-11 18:53:32.029768,0 days 00:00:55.689026,0.9112904685500234,0.6248128517225455,0.025080241383597913,59,468,34,0.02081887979746721,0.13910425019242134,COMPLETE
109,0.9059215771320698,2026-06-11 18:53:32.031285,2026-06-11 18:54:29.536020,0 days 00:00:57.504735,0.6457163291598536,0.6231134226760913,0.01933752273692595,59,491,34,0.04710223186521498,0.14706404453296143,COMPLETE
110,0.9059024482474042,2026-06-11 18:54:29.537471,2026-06-11 18:55:31.016586,0 days 00:01:01.479115,0.6439605482072097,0.6053526922847037,0.01994632453703311,67,491,35,0.08253170891066203,0.18365139806439518,COMPLETE
111,0.9048853642215092,2026-06-11 18:55:31.018130,2026-06-11 18:56:34.039968,0 days 00:01:03.021838,0.6517525738122522,0.6122144785068024,0.019455593282642465,69,492,36,0.08561001093921611,0.17945152330216602,COMPLETE
112,0.90468342958156,2026-06-11 18:56:34.041612,2026-06-11 18:57:35.908542,0 days 00:01:01.866930,0.6462649507995657,0.5905877153124837,0.020819175891833363,82,484,37,0.050751450886444546,0.19053835458321938,COMPLETE
113,0.9063379698679852,2026-06-11 18:57:35.910064,2026-06-11 18:58:31.241141,0 days 00:00:55.331077,0.6849529624197349,0.6421315872646941,0.017491792769337423,50,478,35,0.0419322174615081,0.1464271658091214,COMPLETE
114,0.9060978594528084,2026-06-11 18:58:31.242729,2026-06-11 18:59:26.219092,0 days 00:00:54.976363,0.6768398483490067,0.6213286643334899,0.017960236884834637,58,472,33,0.03952548747179866,0.14881287508813804,COMPLETE
115,0.9057829618701523,2026-06-11 18:59:26.220546,2026-06-11 19:00:19.871202,0 days 00:00:53.650656,0.686509792845656,0.6408279604856408,0.01657137910302127,51,476,33,0.03612462823612749,0.17379668094172243,COMPLETE
116,0.9062373108945124,2026-06-11 19:00:19.872670,2026-06-11 19:01:14.959133,0 days 00:00:55.086463,0.6629713823909994,0.624129569600379,0.0178299096880827,56,500,32,0.040891520173363415,0.14553608869186663,COMPLETE
117,0.9057316302475009,2026-06-11 19:01:14.960599,2026-06-11 19:02:04.307316,0 days 00:00:49.346717,0.6720689920579618,0.6506340468723435,0.01758637636256737,81,470,29,0.039527185567120725,0.1604235318057984,COMPLETE
118,0.9013325843461244,2026-06-11 19:02:04.308835,2026-06-11 19:02:55.632528,0 days 00:00:51.323693,0.7006494395408672,0.6875394739113675,0.01229558499449536,94,453,32,0.025517063065493617,0.11765086987076848,COMPLETE
119,0.904698234818436,2026-06-11 19:02:55.633610,2026-06-11 19:03:47.018917,0 days 00:00:51.385307,0.6834659557364828,0.6316798994511875,0.015213379477918206,59,459,32,0.06438155820778838,0.13946774819832766,COMPLETE
120,0.9030668804108796,2026-06-11 19:03:47.020444,2026-06-11 19:04:40.435015,0 days 00:00:53.414571,0.6652861512111162,0.6631795046734665,0.01318475007527027,74,485,31,0.2924028553394938,0.20413180014579949,COMPLETE
121,0.9063546431925548,2026-06-11 19:04:40.437892,2026-06-11 19:05:59.464403,0 days 00:01:19.026511,0.6280314734660198,0.6236420566968522,0.019191404453497405,62,483,34,0.04425562390512474,0.1510282454750655,COMPLETE
122,0.9065055870073496,2026-06-11 19:05:59.469471,2026-06-11 19:07:00.864002,0 days 00:01:01.394531,0.6124428329126678,0.644735400069517,0.021491260759956388,51,482,35,0.1305612890567883,0.10560159587882537,COMPLETE
123,0.9064680143867142,2026-06-11 19:07:00.865476,2026-06-11 19:08:03.660364,0 days 00:01:02.794888,0.6079687054784366,0.6163436294049177,0.01855525024504302,51,498,35,0.1605107355132452,0.102210860621778,COMPLETE
124,0.9049949540459954,2026-06-11 19:08:03.661865,2026-06-11 19:09:06.565371,0 days 00:01:02.903506,0.5921002323511346,0.6171405414118815,0.016308761909951515,55,497,35,0.17807469701220538,0.11491052453674097,COMPLETE
125,0.9060524630668065,2026-06-11 19:09:06.567281,2026-06-11 19:10:09.192544,0 days 00:01:02.625263,0.6233135258787416,0.5872496062670018,0.018156672652937397,51,483,37,0.14169156600785981,0.10388125693500709,COMPLETE
126,0.9059101406242489,2026-06-11 19:10:09.194901,2026-06-11 19:11:15.097088,0 days 00:01:05.902187,0.6053161754526677,0.5642694635154997,0.018244488338919115,51,500,36,0.13011136985916635,0.12880966210957961,COMPLETE
127,0.9048225253907037,2026-06-11 19:11:15.098583,2026-06-11 19:12:17.758067,0 days 00:01:02.659484,0.6163684205248194,0.5998978885559844,0.013924764883979597,61,479,37,0.10230876370168304,0.10758411850849804,COMPLETE
128,0.9050121602543713,2026-06-11 19:12:17.759700,2026-06-11 19:13:24.299057,0 days 00:01:06.539357,0.6023682917445593,0.5229264156805583,0.01722163909651553,68,483,38,0.17233885480158712,0.13643934086368556,COMPLETE
129,0.9060564345309725,2026-06-11 19:13:24.300631,2026-06-11 19:14:26.280319,0 days 00:01:01.979688,0.6162610368831716,0.5879239791981863,0.018717319486688568,51,473,39,0.12582224446009033,0.10215815555370693,COMPLETE
130,0.9046350654311025,2026-06-11 19:14:26.281863,2026-06-11 19:15:30.162316,0 days 00:01:03.880453,0.6310146774812484,0.5526238905891225,0.021494213965596073,90,471,42,0.09209553586937701,0.1517741867854861,COMPLETE
131,0.9052135609944795,2026-06-11 19:15:30.163908,2026-06-11 19:16:27.660418,0 days 00:00:57.496510,0.6274406263214493,0.5858918050533519,0.018602087216346878,51,480,39,0.11475056864367832,0.10206480097357747,COMPLETE
132,0.905547359098663,2026-06-11 19:16:27.661856,2026-06-11 19:17:27.890560,0 days 00:01:00.228704,0.6089225470773242,0.5694292826413639,0.017542822633068,60,492,34,0.12731284628511755,0.1039270818714856,COMPLETE
133,0.9064230371220887,2026-06-11 19:17:27.892142,2026-06-11 19:18:25.735908,0 days 00:00:57.843766,0.5805146849693579,0.611266843056355,0.018958957970305404,75,500,36,0.14832204540108077,0.12294952609945607,COMPLETE
134,0.9061962552293447,2026-06-11 19:18:25.737316,2026-06-11 19:19:22.732504,0 days 00:00:56.995188,0.5780297837126678,0.614323446008123,0.022976041809865812,76,499,35,0.06423466608788289,0.11782260056148641,COMPLETE
135,0.905785382873506,2026-06-11 19:19:22.733937,2026-06-11 19:20:19.586413,0 days 00:00:56.852476,0.5828227582151911,0.6087485548316501,0.02314629059171659,77,496,35,0.0730428010007378,0.12036201662016012,COMPLETE
136,0.9068204439368094,2026-06-11 19:20:19.587843,2026-06-11 19:21:16.632443,0 days 00:00:57.044600,0.5564219674307773,0.6219331458401207,0.01935303975578704,84,472,39,0.06179489940093002,0.11389053061184697,COMPLETE
137,0.9052229758948533,2026-06-11 19:21:16.633891,2026-06-11 19:22:10.748165,0 days 00:00:54.114274,0.5598462136582082,0.6208392530748443,0.015980620267808342,88,465,36,0.05408104151111988,0.13223409324013474,COMPLETE
138,0.9049052692342688,2026-06-11 19:22:10.749656,2026-06-11 19:23:04.791868,0 days 00:00:54.042212,0.5337831341878493,0.6370786620302681,0.014849098652475495,75,487,34,0.06269341749998228,0.11870743180654493,COMPLETE
139,0.9055143396655149,2026-06-11 19:23:04.793358,2026-06-11 19:24:01.086662,0 days 00:00:56.293304,0.5801426444546995,0.6290455746859716,0.019741856342976073,102,476,41,0.041743341704983096,0.14928695621399163,COMPLETE
140,0.9031532526729251,2026-06-11 19:24:01.088195,2026-06-11 19:24:54.251477,0 days 00:00:53.163282,0.5511493758635011,0.6024312292837829,0.02264306326497446,387,451,36,0.025290554096980573,0.11500447252223184,COMPLETE
141,0.9061474450109827,2026-06-11 19:24:54.252875,2026-06-11 19:25:54.320417,0 days 00:01:00.067542,0.5680961293987951,0.5929649939187472,0.019612851577018694,66,471,38,0.20633603545791568,0.10043706227248966,COMPLETE
142,0.9052930603805759,2026-06-11 19:25:54.321989,2026-06-11 19:26:53.779311,0 days 00:00:59.457322,0.5641176637403392,0.6132155551842816,0.021359057314085956,66,500,38,0.19903465650661226,0.13550853544171745,COMPLETE
143,0.9058521247274406,2026-06-11 19:26:53.780777,2026-06-11 19:27:50.347359,0 days 00:00:56.566582,0.5712187221011369,0.5957064573953924,0.019482021023866973,82,468,35,0.09372256779953407,0.12261051583896332,COMPLETE
144,0.892274372370748,2026-06-11 19:27:50.348934,2026-06-11 19:28:43.256231,0 days 00:00:52.907297,0.5958078072884724,0.6242148694791678,0.06115662649692078,112,500,40,0.15567804530938958,0.10984961405429906,COMPLETE
145,0.9049002691474758,2026-06-11 19:28:43.257635,2026-06-11 19:29:33.511393,0 days 00:00:50.253758,0.5510031024182738,0.6443976905298018,0.017236067574008068,96,447,37,0.03201964095808819,0.1495731625394981,COMPLETE
146,0.9052203394082361,2026-06-11 19:29:33.512935,2026-06-11 19:30:31.237088,0 days 00:00:57.724153,0.5845997823472469,0.6160482318077088,0.021769518514570586,75,488,38,0.07552842349786179,0.130350568036109,COMPLETE
147,0.905293027622759,2026-06-11 19:30:31.238503,2026-06-11 19:31:20.818580,0 days 00:00:49.580077,0.5158716464164165,0.6327475687723162,0.020105395509264185,62,459,33,0.241394533173794,0.1634926236877931,COMPLETE
148,0.902967107047051,2026-06-11 19:31:20.819858,2026-06-11 19:32:17.409651,0 days 00:00:56.589793,0.5724161010286222,0.576854486205986,0.02419203628733113,276,479,35,4.223892909120664,0.11598212388825066,COMPLETE
149,0.8951261510269816,2026-06-11 19:32:17.411092,2026-06-11 19:32:36.929235,0 days 00:00:19.518143,0.5395675377847848,0.6429116377770578,0.016577010422665017,87,157,36,0.2155550578241134,0.14437021992386462,COMPLETE
150,0.9057887025333422,2026-06-11 19:32:36.930680,2026-06-11 19:33:33.115912,0 days 00:00:56.185232,0.5975661790891781,0.6059337387639742,0.018269079538302868,68,489,34,0.04088275268938709,1.7032669501473157,COMPLETE
151,0.904956253940879,2026-06-11 19:33:33.117365,2026-06-11 19:34:32.476452,0 days 00:00:59.359087,0.6156692641340957,0.5881815345988373,0.01911260213113495,59,474,39,0.11824683622918836,0.10155713636807934,COMPLETE
152,0.9067149335944041,2026-06-11 19:34:32.477938,2026-06-11 19:35:27.865317,0 days 00:00:55.387379,0.6310887564641245,0.6237830296831376,0.018839604491513284,58,471,39,0.15117558362765152,0.10073099744058682,COMPLETE
153,0.9055368944453177,2026-06-11 19:35:27.866828,2026-06-11 19:48:30.727411,0 days 00:13:02.860583,0.6424869952502914,0.6218926838446011,0.020638560599095256,73,462,38,0.056918452472593514,0.10025923405748619,COMPLETE
154,0.9049233855930269,2026-06-11 19:48:30.728829,2026-06-11 19:49:33.176628,0 days 00:01:02.447799,0.6559397662174851,0.6327031080563453,0.022689132658054695,81,489,41,0.327014722211482,0.12357263047851261,COMPLETE
155,0.9049944072892478,2026-06-11 19:49:33.177942,2026-06-11 19:50:25.759982,0 days 00:00:52.582040,0.6344826624655283,0.6119623196641605,0.015473077185848652,61,471,35,0.07204825440843035,0.11100290967563382,COMPLETE
156,0.9058104420741523,2026-06-11 19:50:25.761468,2026-06-11 19:51:23.037856,0 days 00:00:57.276388,0.6018361181615028,0.5968701776608143,0.017314242573758434,95,482,37,0.09435411490758086,0.13174201098264646,COMPLETE
157,0.8855725365921425,2026-06-11 19:51:23.039292,2026-06-11 19:52:11.053307,0 days 00:00:48.014015,0.5582315462082618,0.6505601304403603,0.08033644922701867,67,493,40,0.03149513947009867,0.16945211483696943,COMPLETE
158,0.9057063864248522,2026-06-11 19:52:11.054747,2026-06-11 19:53:09.375111,0 days 00:00:58.320364,0.578988772981473,0.659280816895337,0.019962901563766535,50,439,36,0.14519635583572194,0.14233125185705547,COMPLETE
159,0.9060550349228131,2026-06-11 19:53:09.376609,2026-06-11 19:53:59.720061,0 days 00:00:50.343452,0.6654970266988579,0.6240173355739413,0.02138604679525817,83,466,33,0.04919215167394369,0.1102071392735397,COMPLETE
160,0.9060060749040647,2026-06-11 19:53:59.721324,2026-06-11 19:54:57.618343,0 days 00:00:57.897019,0.6318344368603059,0.6426538346147734,0.018783106402318495,72,500,39,0.16417638185447517,0.12288683387700414,COMPLETE
161,0.905819130405069,2026-06-11 19:54:57.619854,2026-06-11 19:55:58.345053,0 days 00:01:00.725199,0.6114387059106801,0.5759206752202223,0.01874508758955421,50,473,41,0.12208717050290852,0.11102033311207087,COMPLETE
162,0.9061149500538555,2026-06-11 19:55:58.346481,2026-06-11 19:56:52.740816,0 days 00:00:54.394335,0.5884044637903706,0.5983540338418604,0.017743791334198573,57,452,38,0.1068618091960503,0.10206975054678172,COMPLETE
163,0.896540752738712,2026-06-11 19:56:52.742265,2026-06-11 19:57:47.387596,0 days 00:00:54.645331,0.5906411323413325,0.6074308005808676,0.006117991848393764,60,453,38,0.26147107820632914,0.1004743512893927,COMPLETE
164,0.9048403625210588,2026-06-11 19:57:47.389037,2026-06-11 19:58:42.101408,0 days 00:00:54.712371,0.547522512129117,0.5976594228882841,0.016281127756041926,66,459,37,0.06494877541978794,0.13056102938902,COMPLETE
165,0.9000775528861614,2026-06-11 19:58:42.102864,2026-06-11 19:59:09.834565,0 days 00:00:27.731701,0.5695206516265375,0.6168420107854077,0.017602500905566833,77,226,34,0.08198664842283586,0.1157921490760773,COMPLETE
166,0.9058349666862938,2026-06-11 19:59:09.836006,2026-06-11 20:00:01.589016,0 days 00:00:51.753010,0.6567389250393291,0.626232093659132,0.020327423193083876,58,479,32,0.19715669902766195,0.15185216935750778,COMPLETE
167,0.9054411748555171,2026-06-11 20:00:01.590712,2026-06-11 20:00:55.091662,0 days 00:00:53.500950,0.588549289178606,0.635388910822891,0.023324189411908624,90,444,43,0.10445556419754017,0.1359147654163091,COMPLETE
168,0.9057005238877444,2026-06-11 20:00:55.093163,2026-06-11 20:01:51.410256,0 days 00:00:56.317093,0.6254673105540454,0.6125072721324609,0.016598100802458268,71,483,37,0.1425374540507674,0.11072417992841493,COMPLETE
169,0.9048484398506271,2026-06-11 20:01:51.411718,2026-06-11 20:02:44.509411,0 days 00:00:53.097693,0.6043803789878359,0.6556008300638212,0.024668768954800108,106,492,36,0.03962157457349437,0.6089928454970095,COMPLETE
170,0.9041575620907454,2026-06-11 20:02:44.510846,2026-06-11 20:03:38.030760,0 days 00:00:53.519914,0.7101616912101822,0.640700967954336,0.014465693756089039,57,456,35,0.05699388011540156,0.1592377863759692,COMPLETE
171,0.9059258114925473,2026-06-11 20:03:38.032217,2026-06-11 20:04:34.579175,0 days 00:00:56.546958,0.6134201675373275,0.5913070233240358,0.018788200841080595,51,467,39,0.116443388474622,0.12220148444475173,COMPLETE
172,0.9059357543785705,2026-06-11 20:04:34.580765,2026-06-11 20:05:31.019373,0 days 00:00:56.438608,0.6183985434386008,0.603673093163677,0.018409364999572846,50,474,39,0.15923492456692226,0.1009379353408285,COMPLETE
173,0.9056414693707436,2026-06-11 20:05:31.020843,2026-06-11 20:06:26.899093,0 days 00:00:55.878250,0.5947619750303534,0.6268873569083074,0.0211652033932949,65,486,40,0.09154975236091681,0.11055090710184433,COMPLETE
174,0.9051967690345932,2026-06-11 20:06:26.900542,2026-06-11 20:07:26.048079,0 days 00:00:59.147537,0.6721647803343216,0.5886624644679962,0.019403697366948924,82,473,38,0.12351323329906742,0.10008717664939529,COMPLETE
175,0.904599779580446,2026-06-11 20:07:26.049512,2026-06-11 20:08:25.049451,0 days 00:00:58.999939,0.6430321418559188,0.6173005325883626,0.0172622803419589,62,494,36,0.17899926253220158,0.1293823187158342,COMPLETE
176,0.9044110786993935,2026-06-11 20:08:25.050944,2026-06-11 20:09:24.074070,0 days 00:00:59.023126,0.9338148449508552,0.5553299421612088,0.015511838965951102,74,463,34,0.04629253397989316,0.11981687868917813,COMPLETE
177,0.905690320425755,2026-06-11 20:09:24.075537,2026-06-11 20:10:20.128291,0 days 00:00:56.052754,0.5621534074243058,0.6009635577013345,0.022394982088564264,58,450,38,0.21685577518214785,0.11056798311739396,COMPLETE
178,0.9063130857867241,2026-06-11 20:10:20.129805,2026-06-11 20:11:15.067803,0 days 00:00:54.937998,0.5806206376148937,0.6329052000120248,0.02004486202133612,95,481,37,0.07932011570168081,0.13805842758739006,COMPLETE
179,0.9052265824738907,2026-06-11 20:11:15.069275,2026-06-11 20:12:08.676509,0 days 00:00:53.607234,0.5754712803667184,0.632348922524325,0.02045073151599273,119,481,35,0.07190161498164181,0.18191390394159085,COMPLETE
180,0.9065384842610973,2026-06-11 20:12:08.677990,2026-06-11 20:13:04.438204,0 days 00:00:55.760214,0.5811199192384706,0.6472614773041233,0.021443620318233197,99,500,37,0.09640753786928166,0.140232643154153,COMPLETE
181,0.9054693031750423,2026-06-11 20:13:04.439849,2026-06-11 20:14:09.138861,0 days 00:01:04.699012,0.5804758167779259,0.6482945452780667,0.021871660701122574,101,500,37,0.09914999720491906,0.1427124500538362,COMPLETE
182,0.9062646343620329,2026-06-11 20:14:09.140493,2026-06-11 20:15:05.243869,0 days 00:00:56.103376,0.5676580889470971,0.6397955347656357,0.017612053304531198,91,491,36,0.08617761325959754,0.1572055303202117,COMPLETE
183,0.9056126103254201,2026-06-11 20:15:05.245323,2026-06-11 20:16:00.154815,0 days 00:00:54.909492,0.5573645810745383,0.6650565600357655,0.019848418056695436,94,490,36,0.07963205296695497,0.17001607657052153,COMPLETE
184,0.9056178490748582,2026-06-11 20:16:00.156286,2026-06-11 20:16:55.632096,0 days 00:00:55.475810,0.5850733573901163,0.6394277587052808,0.023572207970529453,110,493,37,0.10615577891928098,0.13741169654639135,COMPLETE
185,0.9048851437804982,2026-06-11 20:16:55.633527,2026-06-11 20:17:50.753131,0 days 00:00:55.119604,0.5709870160515014,0.647451280620247,0.021126007401283075,86,482,36,0.06388927144418366,0.15806276499324642,COMPLETE
186,0.9047616640966368,2026-06-11 20:17:50.754668,2026-06-11 20:18:53.992429,0 days 00:01:03.237761,0.5468268427802081,0.6571344084203171,0.01963747542893003,99,499,38,0.14484462099230488,0.19385991711079695,COMPLETE
187,0.9055818692064251,2026-06-11 20:18:53.993878,2026-06-11 20:19:54.234502,0 days 00:01:00.240624,0.5628719792043579,0.6305104211318242,0.01693576302638305,124,486,35,0.09181368389233671,0.12317222221387794,COMPLETE
188,0.9064876189121256,2026-06-11 20:19:54.235773,2026-06-11 20:20:51.682714,0 days 00:00:57.446941,0.6031291277237107,0.6681205914102551,0.017845878531781323,89,500,37,0.07927072813120434,0.13968565303873776,COMPLETE
189,0.905901289205925,2026-06-11 20:20:51.684212,2026-06-11 20:21:46.941784,0 days 00:00:55.257572,0.6012010434254541,0.6765015976096115,0.025243254754585758,93,500,37,0.052407756973244776,0.2147163448196064,COMPLETE
190,0.9050761184266816,2026-06-11 20:21:46.943219,2026-06-11 20:22:40.791490,0 days 00:00:53.848271,0.5383358129876981,0.6697483952191949,0.02172076352714776,115,488,34,0.08132637089647862,0.14393134938906565,COMPLETE
191,0.9046626041597251,2026-06-11 20:22:40.792944,2026-06-11 20:23:32.344015,0 days 00:00:51.551071,0.9167225688408427,0.6391136326228332,0.017912634690550554,80,492,23,0.06378413693656695,0.12949990884829032,COMPLETE
192,0.9063991562970263,2026-06-11 20:23:32.345529,2026-06-11 20:24:26.637343,0 days 00:00:54.291814,0.59216494712449,0.6547224264515518,0.01914678386555604,86,479,36,0.11358098241018574,0.11859346058496407,COMPLETE
193,0.9048280252666916,2026-06-11 20:24:26.638807,2026-06-11 20:25:21.875839,0 days 00:00:55.237032,0.5935247034735659,0.6577908035216689,0.01906179765484881,105,480,36,0.12207899121804829,0.15862929287994695,COMPLETE
194,0.9066809230566394,2026-06-11 20:25:21.877267,2026-06-11 20:26:15.622826,0 days 00:00:53.745559,0.5781757997092882,0.649029029269485,0.020711559018562954,89,492,35,0.1620169187922767,0.5253206043097847,COMPLETE
195,0.9058298249723353,2026-06-11 20:26:15.624314,2026-06-11 20:27:09.918196,0 days 00:00:54.293882,0.6066573363868342,0.6504237395021929,0.020592454036904108,88,500,35,0.08049334007777229,0.5510074686588992,COMPLETE
196,0.9057102326663623,2026-06-11 20:27:09.919715,2026-06-11 20:28:05.132148,0 days 00:00:55.212433,0.5788745479842066,0.6648959831194747,0.02262594328781712,97,491,35,2.4398535975686984,0.39411386560668465,COMPLETE
197,0.9053612006123514,2026-06-11 20:28:05.133747,2026-06-11 20:29:00.351633,0 days 00:00:55.217886,0.5979932763775404,0.6441485987433511,0.01592300032983025,87,484,36,0.15803127362371858,0.5071248134360133,COMPLETE
198,0.9053042117228904,2026-06-11 20:29:00.353120,2026-06-11 20:29:51.465519,0 days 00:00:51.112399,0.7918350825539275,0.6817360870579057,0.018551957173639652,77,494,25,0.05735020147404292,0.6674191357933423,COMPLETE
199,0.9042655250520524,2026-06-11 20:29:51.467017,2026-06-11 20:30:36.271673,0 days 00:00:44.804656,0.6192442759909869,0.6320737026259569,0.020610755143371833,108,385,34,0.08828000511562109,0.43306898993200854,COMPLETE
